City_ID,City,Country,Date,Lat,Lng,Max Temp,Humidity,Cloudiness,Wind Speed
0,Vardo,NO,2022-02-11 17:30:40,70.3705,31.1107,30.18,100,75,21.85
1,Tasiilaq,GL,2022-02-11 17:30:41,65.6145,-37.6368,15.96,59,100,5.48
2,Benguela,AO,2022-02-11 17:30:41,-12.5763,13.4055,78.01,64,72,6.33
3,Newport,GB,2022-02-11 17:30:42,51.5877,-2.9984,45.25,75,100,11.1
4,Atuona,PF,2022-02-11 17:30:42,-9.8,-139.0333,77.34,77,18,14.52
5,Leh,IN,2022-02-11 17:30:42,34.1667,77.5833,-10.05,63,6,3.98
6,Ushuaia,AR,2022-02-11 17:25:53,-54.8,-68.3,55.02,66,40,29.93
7,Kapaa,US,2022-02-11 17:30:43,22.0752,-159.319,66.18,94,40,8.05
8,Rikitea,PF,2022-02-11 17:30:43,-23.1203,-134.9692,78.98,73,2,17.74
9,Vaini,TO,2022-02-11 17:30:44,-21.2,-175.2,78.96,94,40,4.61
10,Flinders,AU,2022-02-11 17:30:44,-34.5833,150.8552,70.21,86,79,7.0
11,Butaritari,KI,2022-02-11 17:30:44,3.0707,172.7902,80.82,80,73,16.55
12,Thompson,CA,2022-02-11 17:26:33,55.7435,-97.8558,-25.44,62,0,6.91
13,Upernavik,GL,2022-02-11 17:30:45,72.7868,-56.1549,-14.76,77,100,13.11
14,Wladyslawowo,PL,2022-02-11 17:30:45,54.7909,18.4009,37.0,96,45,14.14
15,Todos Santos,MX,2022-02-11 17:30:46,23.45,-110.2167,74.1,62,0,6.35
16,Nanortalik,GL,2022-02-11 17:30:46,60.1432,-45.2371,29.89,77,100,5.23
17,Avarua,CK,2022-02-11 17:30:47,-21.2078,-159.775,73.45,94,22,2.3
18,Bubaque,GW,2022-02-11 17:30:48,11.2833,-15.8333,79.14,69,46,15.28
19,Mataura,NZ,2022-02-11 17:30:48,-46.1927,168.8643,52.48,79,100,3.85
20,Skibbereen,IE,2022-02-11 17:30:48,51.55,-9.2667,46.2,78,100,26.06
21,Ixtapa,MX,2022-02-11 17:30:49,20.7,-105.2,72.63,43,0,0.0
22,Kibaya,TZ,2022-02-11 17:30:49,-5.3,36.5667,60.17,95,100,1.1
23,Port Hedland,AU,2022-02-11 17:26:11,-20.3167,118.5667,86.05,79,6,4.61
24,Punta Arenas,CL,2022-02-11 17:27:47,-53.15,-70.9167,59.02,62,75,26.46
25,Seminole,US,2022-02-11 17:29:33,28.7086,-81.2081,76.24,59,0,11.5
26,Busselton,AU,2022-02-11 17:30:50,-33.65,115.3333,62.1,89,23,4.38
27,Port Elizabeth,ZA,2022-02-11 17:30:51,-33.918,25.5701,70.09,73,0,5.75
28,Antalaha,MG,2022-02-11 17:30:51,-14.9003,50.2788,76.14,87,17,7.29
29,Cape Town,ZA,2022-02-11 17:30:51,-33.9258,18.4232,73.11,70,0,20.71
30,Lebu,CL,2022-02-11 17:30:52,-37.6167,-73.65,61.03,59,1,23.2
31,Norman Wells,CA,2022-02-11 17:30:52,65.282,-126.8329,-27.36,68,20,4.61
32,Boyolangu,ID,2022-02-11 17:30:53,-8.1181,111.8935,74.68,94,100,7.29
33,Coquimbo,CL,2022-02-11 17:30:53,-29.9533,-71.3436,73.13,60,0,12.66
34,Vostok,RU,2022-02-11 17:30:53,46.4856,135.8833,15.75,97,100,3.24
35,Ukiah,US,2022-02-11 17:30:54,39.1502,-123.2078,74.01,67,0,0.0
36,Albany,US,2022-02-11 17:26:53,42.6001,-73.9662,49.26,45,46,3.0
37,Carnarvon,AU,2022-02-11 17:30:54,-24.8667,113.6333,80.67,74,14,6.91
38,Coihaique,CL,2022-02-11 17:30:55,-45.5752,-72.0662,64.35,42,0,6.91
39,Tuy Hoa,VN,2022-02-11 17:29:54,13.0833,109.3,73.85,89,98,3.0
40,Beloha,MG,2022-02-11 17:30:55,-25.1667,45.05,74.75,89,51,12.37
41,Tibu,CO,2022-02-11 17:30:55,8.639,-72.7358,92.01,44,88,2.42
42,Bantry,IE,2022-02-11 17:30:56,51.6833,-9.45,48.15,84,100,23.42
43,Katsuura,JP,2022-02-11 17:31:56,35.1333,140.3,41.18,70,13,13.53
44,Hermanus,ZA,2022-02-11 17:31:56,-34.4187,19.2345,71.8,86,9,4.38
45,Bengkulu,ID,2022-02-11 17:31:57,-3.8004,102.2655,74.57,88,89,4.36
46,Mount Isa,AU,2022-02-11 17:31:57,-20.7333,139.5,85.77,32,40,9.22
47,Bluff,NZ,2022-02-11 17:31:57,-46.6,168.3333,52.81,73,52,14.58
48,Jamestown,US,2022-02-11 17:28:48,42.097,-79.2353,48.09,49,75,18.41
49,Tuktoyaktuk,CA,2022-02-11 17:31:58,69.4541,-133.0374,-20.2,69,20,16.11
50,Jaisalmer,IN,2022-02-11 17:31:58,26.9147,70.9181,65.73,19,0,1.99
51,Hobart,AU,2022-02-11 17:31:59,-42.8794,147.3294,51.06,75,75,11.5
52,Ambilobe,MG,2022-02-11 17:31:59,-13.2,49.05,73.94,96,99,0.67
53,East London,ZA,2022-02-11 17:32:00,-33.0153,27.9116,76.14,78,20,5.75
54,Aksarka,RU,2022-02-11 17:32:00,66.5606,67.7975,0.05,85,100,12.48
55,Mpongwe,ZM,2022-02-11 17:32:00,-13.5091,28.155,63.39,96,67,4.16
56,New Norfolk,AU,2022-02-11 17:32:01,-42.7826,147.0587,50.72,64,1,2.3
57,Puerto Ayora,EC,2022-02-11 17:32:01,-0.7393,-90.3518,84.16,86,49,5.01
58,Acajutla,SV,2022-02-11 17:32:02,13.5928,-89.8275,91.74,51,20,9.78
59,Bredasdorp,ZA,2022-02-11 17:32:02,-34.5322,20.0403,71.28,68,1,8.05
60,Kodiak,US,2022-02-11 17:28:31,57.79,-152.4072,36.91,93,100,4.61
61,Kidal,ML,2022-02-11 17:32:03,18.4411,1.4078,77.02,8,9,6.13
62,Hilo,US,2022-02-11 17:30:05,19.7297,-155.09,67.62,82,40,6.91
63,Castro,BR,2022-02-11 17:31:31,-24.7911,-50.0119,80.26,42,0,3.47
64,Dikson,RU,2022-02-11 17:32:04,73.5069,80.5464,3.36,84,100,27.38
65,Payo,ID,2022-02-11 17:32:04,-3.7508,103.6372,70.52,90,95,2.53
66,Barrow,US,2022-02-11 17:32:04,71.2906,-156.7887,-27.38,68,0,6.91
67,Port Alfred,ZA,2022-02-11 17:32:05,-33.5906,26.891,70.48,82,2,4.54
68,Saint George,US,2022-02-11 17:28:14,37.1041,-113.5841,62.35,43,0,3.44
69,Pancesti,RO,2022-02-11 17:32:05,46.3333,27.0833,45.0,69,2,3.15
70,Lamtah,TN,2022-02-11 17:32:05,35.6667,10.8833,58.77,72,0,8.05
71,Goderich,CA,2022-02-11 17:30:45,43.7501,-81.7165,36.21,93,100,17.27
72,Havelock,US,2022-02-11 17:31:11,34.8791,-76.9013,69.06,48,40,5.75
73,Tiksi,RU,2022-02-11 17:32:06,71.6872,128.8694,-11.18,93,97,14.9
74,Grindavik,IS,2022-02-11 17:32:06,63.8424,-22.4338,31.95,69,75,14.97
75,Hami,CN,2022-02-11 17:32:07,42.8,93.45,29.66,53,98,3.53
76,San Quintin,MX,2022-02-11 17:32:07,30.4833,-115.95,71.31,26,0,2.08
77,Chifeng,CN,2022-02-11 17:32:08,42.2683,118.9636,18.16,38,99,7.99
78,Alekseyevsk,RU,2022-02-11 17:32:08,57.8406,108.3492,-26.81,100,44,1.39
79,Luderitz,NA,2022-02-11 17:32:08,-26.6481,15.1594,76.5,56,100,12.75
80,Arraial Do Cabo,BR,2022-02-11 17:31:18,-22.9661,-42.0278,75.16,94,75,11.5
81,Iqaluit,CA,2022-02-11 17:30:12,63.7506,-68.5145,-2.31,77,100,0.0
82,Ushtobe,KZ,2022-02-11 17:32:09,45.2514,77.9838,16.68,89,100,8.5
83,Komsomolskiy,UZ,2022-02-11 17:32:09,40.4272,71.7189,42.22,60,100,4.61
84,Carutapera,BR,2022-02-11 17:33:10,-1.195,-46.02,84.85,62,44,6.76
85,Lagoa,PT,2022-02-11 17:33:10,39.05,-27.9833,59.38,76,49,12.03
86,Bambous Virieux,MU,2022-02-11 17:33:11,-20.3428,57.7575,79.05,83,40,2.3
87,Asau,RO,2022-02-11 17:33:11,46.4333,26.4,42.28,89,11,6.13
88,Yellowknife,CA,2022-02-11 17:33:11,62.456,-114.3525,-15.59,84,75,4.61
89,Pevek,RU,2022-02-11 17:33:12,69.7008,170.3133,-25.22,98,100,6.6
90,Maxixe,MZ,2022-02-11 17:33:12,-23.8597,35.3472,78.62,78,20,4.61
91,Aleppo,SY,2022-02-11 17:33:12,36.25,37.5,48.92,59,4,9.15
92,Lucapa,AO,2022-02-11 17:33:13,-8.4192,20.7447,68.27,89,88,2.46
93,Lorengau,PG,2022-02-11 17:33:13,-2.0226,147.2712,79.81,81,100,5.64
94,Cherskiy,RU,2022-02-11 17:33:14,68.75,161.3,-38.43,99,52,5.88
95,Longyearbyen,SJ,2022-02-11 17:31:18,78.2186,15.6401,21.04,86,75,5.75
96,Mount Gambier,AU,2022-02-11 17:33:14,-37.8333,140.7667,49.91,87,3,4.61
97,Watford,GB,2022-02-11 17:33:15,51.6553,-0.396,45.12,66,75,4.61
98,Okhotsk,RU,2022-02-11 17:33:15,59.3833,143.3,-10.23,87,98,8.59
99,Oktyabrskiy,RU,2022-02-11 17:33:15,54.4815,53.471,19.89,95,98,7.43
100,Cidreira,BR,2022-02-11 17:33:16,-30.1811,-50.2056,78.71,74,0,16.26
101,Warmbad,NA,2022-02-11 17:33:17,-28.45,18.7333,96.46,18,43,3.98
102,Evensk,RU,2022-02-11 17:33:17,61.95,159.2333,-13.32,73,44,6.08
103,San Jeronimo,PE,2022-02-11 17:33:17,-11.9472,-75.2829,54.88,74,77,7.11
104,Vanavara,RU,2022-02-11 17:33:18,60.34,102.2797,-22.54,100,26,1.21
105,Chapleau,CA,2022-02-11 17:33:18,47.8405,-83.4034,23.09,86,100,8.05
106,Lompoc,US,2022-02-11 17:33:18,34.6391,-120.4579,82.13,32,0,6.91
107,Constitucion,CL,2022-02-11 17:33:19,-35.3333,-72.4167,70.39,42,0,15.03
108,Conceicao Do Araguaia,BR,2022-02-11 17:33:19,-8.2578,-49.2647,83.39,70,87,3.85
109,Severo-Kurilsk,RU,2022-02-11 17:33:19,50.6789,156.125,22.87,89,96,4.12
110,Iquique,CL,2022-02-11 17:32:15,-20.2208,-70.1431,73.44,62,9,8.57
111,Altoona,US,2022-02-11 17:33:20,40.5187,-78.3947,53.65,43,83,5.01
112,Ribeira Grande,PT,2022-02-11 17:33:20,38.5167,-28.7,63.0,59,75,8.05
113,Okakarara,NA,2022-02-11 17:33:21,-20.5833,17.4333,71.71,66,78,4.54
114,Sovetskiy,RU,2022-02-11 17:33:21,61.3614,63.5842,4.69,85,100,12.35
115,Saint-Augustin,CA,2022-02-11 17:33:21,51.226,-58.6502,33.96,88,96,15.43
116,Byron Bay,AU,2022-02-11 17:33:22,-28.65,153.6167,73.29,85,49,15.1
117,Aku,NG,2022-02-11 17:33:22,6.7081,7.3167,95.07,11,16,4.54
118,Port Lincoln,AU,2022-02-11 17:33:23,-34.7333,135.8667,63.0,78,0,13.85
119,Urengoy,RU,2022-02-11 17:33:23,65.9667,78.3667,-10.05,86,83,10.04
120,Nazareno,MX,2022-02-11 17:33:23,25.3833,-103.4167,55.71,25,0,0.76
121,Anqiu,CN,2022-02-11 17:33:24,36.4342,119.1925,37.53,63,90,4.94
122,San Cristobal,VE,2022-02-11 17:33:24,7.7669,-72.225,66.38,56,83,3.0
123,Broome,US,2022-02-11 17:33:24,42.2506,-75.833,49.17,50,0,12.66
124,Kamenka,RU,2022-02-11 17:33:25,51.3223,42.7678,34.75,99,100,17.47
125,Rio Pardo De Minas,BR,2022-02-11 17:33:25,-15.6097,-42.5397,83.28,54,34,5.99
126,Yulara,AU,2022-02-11 17:34:26,-25.2406,130.9889,69.64,37,0,5.75
127,Porto Novo,BJ,2022-02-11 17:34:26,6.4965,2.6036,87.62,79,29,10.22
128,Tamale,GH,2022-02-11 17:34:26,9.4008,-0.8393,92.75,8,9,4.43
129,Axim,GH,2022-02-11 17:34:27,4.8699,-2.2405,81.45,78,30,10.38
130,Narsaq,GL,2022-02-11 17:34:27,60.9167,-46.05,25.02,70,100,4.65
131,Upata,VE,2022-02-11 17:34:28,8.0086,-62.3989,86.43,43,45,7.05
132,Cascais,PT,2022-02-11 17:34:28,38.6979,-9.4215,65.75,64,0,15.01
133,Malakal,SS,2022-02-11 17:30:11,9.5334,31.6605,84.43,19,41,7.25
134,Bud,US,2022-02-11 17:34:29,39.447,-86.1758,51.12,86,98,15.82
135,Bucerias,MX,2022-02-11 17:34:30,20.75,-105.3333,73.38,43,0,0.0
136,Magadan,RU,2022-02-11 17:34:30,59.5667,150.8,-9.47,73,97,4.81
137,Soverato,IT,2022-02-11 17:34:31,38.685,16.5499,53.51,70,66,5.66
138,Deputatskiy,RU,2022-02-11 17:34:32,69.3,139.9,-18.58,97,94,5.75
139,Vanimo,PG,2022-02-11 17:34:33,-2.6741,141.3028,76.59,89,100,4.7
140,Amapa,BR,2022-02-11 17:34:33,1.0,-52.0,82.22,76,89,2.93
141,Provideniya,RU,2022-02-11 17:34:33,64.3833,-173.3,-17.36,93,14,8.99
142,Ketchikan,US,2022-02-11 17:34:34,55.3422,-131.6461,34.27,86,100,4.61
143,Lodja,CD,2022-02-11 17:34:34,-3.4833,23.4333,76.42,71,78,1.7
144,Mar Del Plata,AR,2022-02-11 17:34:34,-38.0023,-57.5575,64.42,71,100,21.99
145,Mlonggo,ID,2022-02-11 17:34:34,-6.5333,110.7,76.89,86,100,5.73
146,Ostrovnoy,RU,2022-02-11 17:34:35,68.0531,39.5131,18.12,94,99,11.25
147,Kruisfontein,ZA,2022-02-11 17:34:35,-34.0033,24.7314,65.28,76,0,3.33
148,Te Anau,NZ,2022-02-11 17:34:36,-45.4167,167.7167,54.16,90,87,1.86
149,Nagaur,IN,2022-02-11 17:34:36,27.2,73.7333,62.71,28,0,3.09
150,Totma,RU,2022-02-11 17:34:36,59.9747,42.7642,25.95,95,100,7.2
151,Sioux Lookout,CA,2022-02-11 17:33:35,50.1001,-91.917,-5.42,71,100,13.8
152,Alice Springs,AU,2022-02-11 17:30:12,-23.7,133.8833,65.75,72,0,3.44
153,Saint-Francois,FR,2022-02-11 17:34:37,46.4154,3.9054,42.24,61,0,8.05
154,Sinnamary,GF,2022-02-11 17:34:38,5.3833,-52.95,79.16,84,55,8.81
155,Ciudad Guayana,VE,2022-02-11 17:34:38,8.3533,-62.6528,87.69,46,68,8.72
156,Ponta Do Sol,PT,2022-02-11 17:34:39,32.6667,-17.1,68.72,80,2,2.73
157,Khatanga,RU,2022-02-11 17:34:39,71.9667,102.5,3.78,83,99,15.79
158,Bonavista,CA,2022-02-11 17:34:39,48.6499,-53.1147,40.12,79,86,15.08
159,Margate,GB,2022-02-11 17:34:40,51.3813,1.3862,42.96,71,53,1.99
160,Lavrentiya,RU,2022-02-11 17:34:40,65.5833,-171.0,-25.8,95,62,7.16
161,Port Hardy,CA,2022-02-11 17:32:16,50.6996,-127.4199,42.76,93,100,2.3
162,Oranjemund,NA,2022-02-11 17:34:41,-28.55,16.4333,65.8,77,30,9.64
163,Yantal,RU,2022-02-11 17:34:41,56.8471,105.2542,-22.99,100,29,1.81
164,Santa Fe,AR,2022-02-11 17:34:41,-31.6333,-60.7,81.91,63,87,8.01
165,Agadir,MA,2022-02-11 17:31:17,30.4202,-9.5982,75.65,37,54,14.85
166,Leningradskiy,RU,2022-02-11 17:34:42,69.3833,178.4167,-17.07,97,100,4.61
167,Bulawayo,ZW,2022-02-11 17:34:42,-20.15,28.5833,68.4,67,64,8.57
168,Hay River,CA,2022-02-11 17:32:13,60.8156,-115.7999,-11.22,77,75,4.61
169,Geraldton,AU,2022-02-11 17:34:43,-28.7667,114.6,73.81,88,52,6.91
170,Dogondoutchi,NE,2022-02-11 17:34:43,13.6393,4.0287,80.47,8,0,9.17
171,Anadyr,RU,2022-02-11 17:35:44,64.75,177.4833,-34.1,74,0,11.18
172,Constantine,DZ,2022-02-11 17:35:44,36.365,6.6147,53.01,62,40,9.22
173,Chokurdakh,RU,2022-02-11 17:35:45,70.6333,147.9167,-4.94,97,100,11.92
174,Namatanai,PG,2022-02-11 17:35:45,-3.6667,152.4333,78.31,81,100,3.62
175,Baykalovo,RU,2022-02-11 17:35:45,57.3981,63.7684,7.72,91,100,14.29
176,Puerto Carreno,CO,2022-02-11 17:35:46,6.189,-67.4859,91.38,43,20,10.36
177,Begowala,PK,2022-02-11 17:35:47,32.4376,74.2682,55.38,67,11,0.0
178,Callaway,US,2022-02-11 17:35:47,30.153,-85.5699,68.18,41,40,6.91
179,Adet,ET,2022-02-11 17:35:48,11.2644,37.4888,60.08,71,83,6.42
180,Vao,NC,2022-02-11 17:35:48,-22.6667,167.4833,80.64,83,100,18.57
181,Hobyo,SO,2022-02-11 17:35:49,5.3505,48.5268,76.84,67,4,20.15
182,Aguimes,ES,2022-02-11 17:35:49,27.9054,-15.4461,70.43,43,0,6.91
183,San Patricio,US,2022-02-11 17:35:49,28.017,-97.5169,73.49,44,0,5.66
184,Nishihara,JP,2022-02-11 17:35:50,26.1842,127.7558,65.48,72,100,6.91
185,Jinchang,CN,2022-02-11 17:35:50,38.4953,102.1739,24.17,85,100,4.41
186,Chuy,UY,2022-02-11 17:35:51,-33.6971,-53.4616,83.07,58,5,13.8
187,Qaanaaq,GL,2022-02-11 17:33:56,77.484,-69.3632,-24.61,65,0,7.58
188,Radstadt,AT,2022-02-11 17:35:51,47.3833,13.45,32.54,99,100,2.26
189,Sungaipenuh,ID,2022-02-11 17:35:52,-2.0833,101.3833,64.6,93,99,2.06
190,Georgetown,MY,2022-02-11 17:33:51,5.4112,100.3354,79.9,86,20,0.0
191,Cururupu,BR,2022-02-11 17:35:52,-1.8283,-44.8683,85.21,63,89,5.41
192,Saskylakh,RU,2022-02-11 17:34:28,71.9167,114.0833,2.39,91,99,13.15
193,Lasa,IT,2022-02-11 17:35:52,46.6166,10.7002,46.31,92,73,7.49
194,Bethel,US,2022-02-11 17:35:53,41.3712,-73.414,54.03,42,0,13.8
195,Lafia,NG,2022-02-11 17:35:53,8.4833,8.5167,88.99,8,39,2.44
196,Avera,US,2022-02-11 17:35:54,33.194,-82.5271,68.72,41,85,9.04
197,Esso,RU,2022-02-11 17:35:54,55.9333,158.7,-7.65,96,48,4.23
198,Miri,MY,2022-02-11 17:35:55,4.4148,114.0089,73.54,100,40,2.3
199,Xining,CN,2022-02-11 17:35:55,36.6167,101.7667,20.03,95,100,1.25
200,Tilichiki,RU,2022-02-11 17:35:55,60.4667,166.1,-17.27,84,2,9.17
201,Los Llanos De Aridane,ES,2022-02-11 17:35:56,28.6585,-17.9182,71.35,43,0,5.75
202,Houma,US,2022-02-11 17:33:01,29.5958,-90.7195,68.0,42,0,4.61
203,Saint-Philippe,RE,2022-02-11 17:35:56,-21.3585,55.7679,78.39,77,31,7.7
204,Tire,TR,2022-02-11 17:35:56,38.0888,27.7351,48.94,69,0,3.02
205,Souillac,MU,2022-02-11 17:35:57,-20.5167,57.5167,79.18,83,40,2.3
206,Abu Samrah,SY,2022-02-11 17:35:57,35.3029,37.1841,48.65,63,2,2.95
207,Abu Kamal,SY,2022-02-11 17:35:57,34.4506,40.9171,57.61,42,88,11.99
208,Laguna,US,2022-02-11 17:35:58,38.421,-121.4238,70.63,76,0,1.01
209,Filadelfia,US,2022-02-11 17:35:36,39.9523,-75.1638,60.31,32,20,12.66
210,Belomorsk,RU,2022-02-11 17:35:58,64.5232,34.7668,20.75,94,99,9.24
211,Nikki,BJ,2022-02-11 17:35:59,9.9401,3.2108,86.47,9,2,4.88
212,Esperance,AU,2022-02-11 17:35:59,-33.8667,121.9,73.24,74,96,6.73
213,Victoria Falls,ZW,2022-02-11 17:35:59,-17.9235,25.843,67.12,93,100,3.31
214,Ancud,CL,2022-02-11 17:31:54,-41.8697,-73.8203,66.22,54,0,6.44
215,Antofagasta,CL,2022-02-11 17:31:53,-23.65,-70.4,76.21,60,3,9.69
216,Sitka,US,2022-02-11 17:33:10,57.0531,-135.33,37.29,87,100,4.61
217,Bitung,ID,2022-02-11 17:36:00,1.4451,125.1824,76.05,84,98,5.1
218,Guane,CU,2022-02-11 17:36:01,22.2025,-84.0875,82.83,49,38,5.14
219,Breytovo,RU,2022-02-11 17:36:01,58.2993,37.8617,29.84,91,100,8.7
220,Dwarka,IN,2022-02-11 17:36:01,22.2394,68.9678,71.19,58,1,10.67
221,Mahalapye,BW,2022-02-11 17:37:02,-23.1041,26.8142,81.82,17,2,10.04
222,Auriflama,BR,2022-02-11 17:37:02,-20.6856,-50.5547,81.09,69,56,3.56
223,Bathsheba,BB,2022-02-11 17:37:03,13.2167,-59.5167,83.01,54,20,26.46
224,Acapulco,MX,2022-02-11 17:36:31,16.8634,-99.8901,82.22,54,75,0.0
225,Saldanha,ZA,2022-02-11 17:37:03,-33.0117,17.9442,73.45,91,13,19.04
226,Tubuala,PA,2022-02-11 17:37:04,9.5167,-79.0333,91.51,72,77,13.58
227,Volchikha,RU,2022-02-11 17:37:04,52.0333,80.3833,-16.44,100,80,4.23
228,Desaguadero,PE,2022-02-11 17:37:04,-16.5656,-69.0417,57.88,46,77,8.61
229,Evinayong,GQ,2022-02-11 17:37:05,1.4368,10.5512,72.97,81,58,4.38
230,Coffeyville,US,2022-02-11 17:37:05,37.0373,-95.6164,58.01,45,0,9.22
231,Sao Joao Da Barra,BR,2022-02-11 17:37:05,-21.6403,-41.0511,80.69,84,100,8.95
232,Fortuna,US,2022-02-11 17:37:06,40.5982,-124.1573,56.32,71,0,6.91
233,Buala,SB,2022-02-11 17:37:06,-8.145,159.5921,76.23,93,100,2.53
234,Skelleftea,SE,2022-02-11 17:37:06,64.7507,20.9528,21.56,59,0,5.75
235,Hambantota,LK,2022-02-11 17:37:07,6.1241,81.1185,77.0,88,96,11.23
236,Kristiansund,NO,2022-02-11 17:37:07,63.1115,7.732,36.25,80,75,28.77
237,Kaitangata,NZ,2022-02-11 17:37:08,-46.2817,169.8464,55.24,83,100,3.33
238,Kahului,US,2022-02-11 17:36:13,20.8947,-156.47,69.84,82,0,5.99
239,Vestmannaeyjar,IS,2022-02-11 17:37:08,63.4427,-20.2734,36.59,69,100,25.32
240,Arys,KZ,2022-02-11 17:37:09,42.4252,68.795,44.82,49,100,10.85
241,Soe,ID,2022-02-11 17:37:09,-9.8607,124.284,66.4,94,100,1.68
242,Japura,ID,2022-02-11 17:37:09,-0.3167,102.35,72.88,97,100,3.13
243,Faya,SA,2022-02-11 17:37:10,18.3851,42.4509,59.11,85,23,7.43
244,Ahipara,NZ,2022-02-11 17:37:10,-35.1667,173.1667,74.35,93,98,12.57
245,Brae,GB,2022-02-11 17:37:10,60.3964,-1.353,40.91,75,100,17.34
246,Birnin Kebbi,NG,2022-02-11 17:37:11,12.4539,4.1975,82.67,9,6,9.44
247,Ojinaga,MX,2022-02-11 17:37:11,29.5667,-104.4167,66.58,22,0,0.0
248,Semirom,IR,2022-02-11 17:37:11,31.4167,51.5667,33.1,97,78,3.76
249,Ivanava,BY,2022-02-11 17:37:12,52.1451,25.5365,34.81,93,100,5.3
250,Brcko,BA,2022-02-11 17:37:12,44.8728,18.8083,53.42,72,15,12.59
251,Trelew,AR,2022-02-11 17:36:58,-43.249,-65.3051,74.62,13,0,8.86
252,Coos Bay,US,2022-02-11 17:37:13,43.3665,-124.2179,47.95,61,0,0.0
253,Fairbanks,US,2022-02-11 17:35:02,64.8378,-147.7164,-4.04,75,0,8.05
254,Gyorszemere,HU,2022-02-11 17:37:13,47.5526,17.5636,44.82,56,100,16.49
255,Yablonovo,RU,2022-02-11 17:37:14,50.8523,37.3574,35.46,97,100,10.45
256,Ossora,RU,2022-02-11 17:37:14,59.2353,163.0719,-8.64,97,49,4.41
257,Hasaki,JP,2022-02-11 17:37:14,35.7333,140.8333,28.8,57,11,15.37
258,Seddon,AU,2022-02-11 17:37:15,-37.8068,144.8916,64.22,85,20,1.99
259,Jeremie,HT,2022-02-11 17:37:16,18.65,-74.1167,79.29,73,13,1.74
260,Airai,TL,2022-02-11 17:37:16,-8.9266,125.4092,60.42,94,100,0.54
261,Bogale,MM,2022-02-11 17:37:17,16.2833,95.4,68.38,70,32,7.23
262,Okoneshnikovo,RU,2022-02-11 17:37:17,54.8377,75.0834,-16.31,100,10,7.25
263,Oussouye,SN,2022-02-11 17:37:17,12.485,-16.5469,100.58,12,17,9.22
264,Ipixuna,BR,2022-02-11 17:37:18,-1.7625,-48.8043,84.15,57,96,4.54
265,Nenjiang,CN,2022-02-11 17:37:18,49.1833,125.2167,3.43,92,100,7.85
266,Kikwit,CD,2022-02-11 17:37:19,-5.041,18.8162,76.14,77,57,2.62
267,Kolobrzeg,PL,2022-02-11 17:37:19,54.1757,15.5834,39.96,72,87,22.1
268,Moron,AR,2022-02-11 17:38:19,-34.6534,-58.6198,82.29,56,100,17.27
269,Sinaloa,MX,2022-02-11 17:38:20,25.0,-107.5,76.1,37,0,2.51
270,Rafraf,TN,2022-02-11 17:38:20,37.1904,10.1837,53.92,78,85,8.66
271,Pisco,PE,2022-02-11 17:38:20,-13.7,-76.2167,77.05,61,0,11.5
272,Atambua,ID,2022-02-11 17:38:21,-9.1061,124.8925,73.54,89,100,1.86
273,Kargil,IN,2022-02-11 17:38:21,34.5667,76.1,-21.78,87,36,2.95
274,Ormond Beach,US,2022-02-11 17:38:21,29.2858,-81.0559,78.3,55,0,6.91
275,Savelugu,GH,2022-02-11 17:38:22,9.6244,-0.8253,93.16,8,18,3.69
276,La Ronge,CA,2022-02-11 17:38:22,55.1001,-105.2842,-19.95,57,40,1.14
277,Pangai,TO,2022-02-11 17:38:22,-19.8,-174.35,80.71,78,20,6.91
278,Tabou,CI,2022-02-11 17:38:23,4.423,-7.3528,82.71,71,53,6.73
279,Inongo,CD,2022-02-11 17:38:23,-1.95,18.2667,81.32,53,41,5.28
280,Trairi,BR,2022-02-11 17:38:24,-3.2778,-39.2689,85.17,64,8,11.39
281,Polunochnoye,RU,2022-02-11 17:38:24,60.8697,60.4153,7.84,94,100,8.63
282,Bilma,NE,2022-02-11 17:38:24,18.6853,12.9164,68.92,16,0,6.38
283,Cockburn Town,TC,2022-02-11 17:38:25,21.4612,-71.1419,84.16,61,40,11.5
284,Yola,NG,2022-02-11 17:38:25,9.2,12.4833,83.43,8,10,4.14
285,Kathmandu,NP,2022-02-11 17:38:26,27.7167,85.3167,46.62,81,20,2.3
286,Tuatapere,NZ,2022-02-11 17:38:26,-46.1333,167.6833,52.83,85,89,6.44
287,Tigil,RU,2022-02-11 17:38:26,57.8,158.6667,-20.09,100,72,1.54
288,Baft,IR,2022-02-11 17:38:27,29.234,56.6057,44.38,29,0,4.21
289,Nouakchott,MR,2022-02-11 17:38:27,18.0858,-15.9785,87.73,21,52,17.63
290,Bambanglipuro,ID,2022-02-11 17:38:28,-7.95,110.2833,77.4,86,100,0.58
291,Estelle,US,2022-02-11 17:38:28,29.8458,-90.1067,68.0,40,0,6.91
292,Gusinoye Ozero,RU,2022-02-11 17:38:28,51.1144,106.2614,-17.12,97,74,2.04
293,Nouadhibou,MR,2022-02-11 17:38:29,20.931,-17.0347,85.98,21,90,11.5
294,Bulgan,MN,2022-02-11 17:38:29,48.8125,103.5347,-14.15,98,49,2.71
295,Zamosc,PL,2022-02-11 17:38:30,50.7231,23.252,33.64,97,100,19.77
296,Zeya,RU,2022-02-11 17:38:30,53.75,127.2667,-4.81,94,96,4.45
297,Pacasmayo,PE,2022-02-11 17:38:30,-7.4006,-79.5714,76.14,68,95,10.83
298,Dingle,PH,2022-02-11 17:38:31,10.9995,122.6711,74.66,92,100,6.82
299,Amparafaravola,MG,2022-02-11 17:38:31,-17.5833,48.2167,67.57,95,49,3.62
300,Saint-Joseph,RE,2022-02-11 17:38:32,-21.3667,55.6167,77.38,78,33,3.74
301,Vadso,NO,2022-02-11 17:38:32,70.0744,29.7487,30.15,74,75,19.57
302,Domoni,KM,2022-02-11 17:38:32,-12.2569,44.5319,76.95,87,100,6.55
303,Mogadishu,SO,2022-02-11 17:38:33,2.0371,45.3438,77.09,78,29,21.47
304,Havre-Saint-Pierre,CA,2022-02-11 17:38:33,50.2334,-63.5986,25.16,54,0,20.71
305,Belyy Yar,RU,2022-02-11 17:38:33,53.6039,91.3903,-23.91,57,20,0.0
306,Diego De Almagro,CL,2022-02-11 17:38:34,-26.3667,-70.05,81.27,22,0,15.32
307,Camp Verde,US,2022-02-11 17:38:34,34.5636,-111.8543,71.35,25,0,2.84
308,Tigre,AR,2022-02-11 17:38:34,-34.426,-58.5796,82.54,64,100,6.91
309,Soledade,BR,2022-02-11 17:38:35,-28.8183,-52.5103,81.57,45,24,6.33
310,Beringovskiy,RU,2022-02-11 17:38:35,63.05,179.3167,-28.07,97,76,9.35
311,Boa Vista,BR,2022-02-11 17:38:36,2.8197,-60.6733,94.98,34,40,11.5
312,Nikolskoye,RU,2022-02-11 17:38:36,59.7035,30.7861,28.8,91,82,9.06
313,Lively,CA,2022-02-11 17:38:37,46.4334,-81.1498,32.81,97,100,10.45
314,Rawson,AR,2022-02-11 17:38:37,-43.3002,-65.1023,71.4,22,0,4.0
315,Ayaviri,PE,2022-02-11 17:39:37,-14.8864,-70.5889,59.4,39,62,3.42
316,Niquelandia,BR,2022-02-11 17:39:38,-14.4739,-48.4597,82.08,63,75,4.43
317,Codrington,AU,2022-02-11 17:39:38,-38.2667,141.9667,55.17,82,9,8.86
318,Mastic Beach,US,2022-02-11 17:39:38,40.7668,-72.8521,53.85,64,0,14.97
319,Padang,ID,2022-02-11 17:38:12,-0.9492,100.3543,77.04,79,100,4.07
320,Maraa,BR,2022-02-11 17:39:39,-1.8333,-65.3667,84.74,74,98,3.58
321,La Rioja,ES,2022-02-11 17:35:30,42.25,-2.5,46.18,79,99,3.27
322,Jumla,NP,2022-02-11 17:39:04,29.2747,82.1838,18.54,70,1,8.32
323,Kavieng,PG,2022-02-11 17:39:39,-2.5744,150.7967,80.4,80,98,6.46
324,Ugoofaaru,MV,2022-02-11 17:39:40,5.6667,73.0,81.52,73,57,5.68
325,Skjervoy,NO,2022-02-11 17:39:40,70.0311,20.9714,28.58,54,100,20.33
326,Tyukhtet,RU,2022-02-11 17:39:40,56.5389,89.3011,-11.7,97,33,5.66
327,Alta Floresta,BR,2022-02-11 17:39:41,-9.8756,-56.0861,89.42,66,40,5.75
328,Cabo San Lucas,MX,2022-02-11 17:35:58,22.8909,-109.9124,74.61,51,0,4.61
329,Zalantun,CN,2022-02-11 17:39:41,48.0,122.7167,-2.97,85,87,5.86
330,Guerrero Negro,MX,2022-02-11 17:39:41,27.9769,-114.0611,71.49,26,0,4.27
331,Achit,RU,2022-02-11 17:39:42,56.7985,57.8994,16.74,96,100,5.88
332,Woodbury,US,2022-02-11 17:39:42,42.3833,-96.0336,35.11,42,32,25.01
333,Ramhormoz,IR,2022-02-11 17:39:43,31.28,49.6035,62.67,64,90,1.16
334,Haines Junction,CA,2022-02-11 17:39:43,60.7522,-137.5108,12.15,73,100,1.14
335,Whitecourt,CA,2022-02-11 17:39:44,54.1502,-115.6855,24.04,46,75,2.3
336,Wattegama,LK,2022-02-11 17:39:44,6.7989,81.4808,73.72,92,100,3.65
337,Eydhafushi,MV,2022-02-11 17:39:44,5.1033,73.0708,81.7,71,73,5.66
338,Ponta Delgada,PT,2022-02-11 17:39:45,37.7333,-25.6667,61.52,63,20,4.61
339,Hithadhoo,MV,2022-02-11 17:39:45,-0.6,73.0833,81.81,69,100,7.99
340,Meulaboh,ID,2022-02-11 17:39:46,4.1363,96.1285,75.07,89,100,7.63
341,Port Blair,IN,2022-02-11 17:39:46,11.6667,92.75,78.84,78,40,2.3
342,Kununurra,AU,2022-02-11 17:39:47,-15.7667,128.7333,78.78,94,48,0.0
343,Ust-Kalmanka,RU,2022-02-11 17:39:47,52.1207,83.305,-14.89,100,52,2.8
344,Ilulissat,GL,2022-02-11 17:39:48,69.2167,-51.1,23.02,63,75,10.36
345,Victoria,HK,2022-02-11 17:36:07,22.2855,114.1577,66.25,87,58,5.01
346,Brainerd,US,2022-02-11 17:39:48,46.358,-94.2008,14.23,61,100,19.57
347,Berlevag,NO,2022-02-11 17:39:48,70.8578,29.0864,33.75,69,75,25.32
348,Tete,MZ,2022-02-11 17:39:49,-16.1564,33.5867,84.29,58,40,5.75
349,Marsa Matruh,EG,2022-02-11 17:39:49,31.3525,27.2453,59.2,47,40,5.75
350,Noyabrsk,RU,2022-02-11 17:39:49,63.1994,75.4507,-7.17,87,35,12.17
351,Sahuaripa,MX,2022-02-11 17:39:50,29.05,-109.2333,70.47,21,0,3.0
352,Viedma,AR,2022-02-11 17:39:50,-40.8135,-62.9967,71.53,21,65,11.59
353,Caucaia,BR,2022-02-11 17:39:50,-3.7361,-38.6531,87.75,73,20,12.66
354,Lazaro Cardenas,MX,2022-02-11 17:39:51,17.9583,-102.2,84.07,32,19,4.81
355,Mildura,AU,2022-02-11 17:39:51,-34.2,142.15,60.76,51,0,8.05
356,Xifeng,CN,2022-02-11 17:39:52,42.7372,124.7222,14.61,81,11,2.77
357,Kigorobya,UG,2022-02-11 17:39:52,1.6162,31.3089,79.99,42,72,5.44
358,Gamboma,CG,2022-02-11 17:39:53,-1.8764,15.8644,80.91,60,78,6.06
359,Santiago Del Estero,AR,2022-02-11 17:39:53,-27.7951,-64.2615,82.63,47,89,16.31
360,Khasan,RU,2022-02-11 17:39:54,42.4308,130.6434,24.15,53,5,19.26
361,Tessalit,ML,2022-02-11 17:39:54,20.1986,1.0114,74.46,10,2,6.08
362,Balingasay,PH,2022-02-11 17:40:55,16.3573,119.8564,78.19,74,97,9.33
363,Atar,MR,2022-02-11 17:40:55,20.5169,-13.0499,81.27,10,23,21.07
364,Caruray,PH,2022-02-11 17:40:55,10.3094,119.0128,77.61,85,98,7.23
365,Yatou,CN,2022-02-11 17:40:56,37.15,122.3833,37.81,75,100,6.42
366,Tullahoma,US,2022-02-11 17:40:56,35.362,-86.2094,65.86,37,0,17.27
367,Gamba,GA,2022-02-11 17:40:56,-2.65,10.0,78.28,86,78,7.65
368,Talnakh,RU,2022-02-11 17:40:57,69.4865,88.3972,-11.18,89,99,10.07
369,Batagay-Alyta,RU,2022-02-11 17:40:57,67.8006,130.4114,-22.18,88,74,5.32
370,Maningrida,AU,2022-02-11 17:40:58,-12.0667,134.2667,79.66,81,45,5.59
371,Port Shepstone,ZA,2022-02-11 17:40:58,-30.7414,30.455,78.42,85,77,8.75
372,Livadiya,RU,2022-02-11 17:40:58,42.8692,132.6764,27.73,69,96,17.34
373,Burnie,AU,2022-02-11 17:40:59,-41.0667,145.9167,58.89,84,98,10.47
374,Koryazhma,RU,2022-02-11 17:40:59,61.3143,47.1691,23.11,96,99,5.64
375,Zabol,AF,2022-02-11 17:41:00,32.25,67.25,39.88,40,0,4.85
376,Port Augusta,AU,2022-02-11 17:41:00,-32.5,137.7667,66.34,48,0,6.71
377,Hadishahr,AZ,2022-02-11 17:41:00,38.8431,45.6635,34.29,79,87,2.62
378,Concarneau,FR,2022-02-11 17:41:01,47.875,-3.9225,45.39,72,84,5.3
379,Omboue,GA,2022-02-11 17:41:01,-1.5746,9.2618,79.65,83,90,6.64
380,Salalah,OM,2022-02-11 17:38:53,17.0151,54.0924,75.29,60,20,2.3
381,Arman,RU,2022-02-11 17:41:03,59.7,150.1667,-8.99,77,96,6.82
382,Karratha,AU,2022-02-11 17:41:04,-20.7377,116.8463,85.33,69,12,3.22
383,Kloulklubed,PW,2022-02-11 17:41:04,7.0419,134.2556,79.3,73,90,16.2
384,Quesnel,CA,2022-02-11 17:41:03,52.9999,-122.5029,19.9,86,0,0.0
385,Coffs Harbour,AU,2022-02-11 17:41:04,-30.3,153.1333,67.96,83,40,12.66
386,Cayenne,GF,2022-02-11 17:41:05,4.9333,-52.3333,78.84,89,75,4.61
387,Iskateley,RU,2022-02-11 17:41:05,67.6803,53.1512,17.38,91,100,18.21
388,Lagunas,PE,2022-02-11 17:41:06,-5.2269,-75.6753,93.9,41,89,5.3
389,Hofn,IS,2022-02-11 17:41:06,64.2539,-15.2082,28.42,54,0,9.22
390,Matara,LK,2022-02-11 17:41:07,5.9485,80.5353,75.94,90,100,4.36
391,Ribeira Brava,PT,2022-02-11 17:41:07,32.65,-17.0667,69.71,82,1,2.46
392,College,US,2022-02-11 17:41:07,64.8569,-147.8028,-4.05,75,75,8.05
393,Mahebourg,MU,2022-02-11 17:41:08,-20.4081,57.7,79.09,83,40,2.3
394,Tsaratanana,MG,2022-02-11 17:41:08,-16.7833,47.65,75.0,88,28,2.35
395,Krasnovishersk,RU,2022-02-11 17:41:09,60.4078,57.082,13.35,94,100,8.41
396,Roswell,US,2022-02-11 17:39:29,34.0232,-84.3616,67.71,35,0,13.8
397,Ozieri,IT,2022-02-11 17:41:09,40.586,9.0012,47.82,89,25,2.15
398,Springdale,US,2022-02-11 17:41:09,36.1867,-94.1288,62.33,38,20,13.8
399,Petatlan,MX,2022-02-11 17:41:10,17.5167,-101.2667,84.0,32,15,5.77
400,Sembe,CG,2022-02-11 17:41:10,1.6481,14.5806,82.06,24,58,2.33
401,Columbia,US,2022-02-11 17:40:54,34.0007,-81.0348,69.75,31,0,0.0
402,Mahon,ES,2022-02-11 17:41:11,39.8885,4.2658,52.36,87,40,8.05
403,Juruti,BR,2022-02-11 17:41:11,-2.1522,-56.0922,85.82,68,70,4.18
404,Faanui,PF,2022-02-11 17:41:12,-16.4833,-151.75,80.62,75,27,13.38
405,Cherepovets,RU,2022-02-11 17:41:12,59.1333,37.9,31.82,69,100,6.71
406,Virginia Beach,US,2022-02-11 17:40:32,36.8529,-75.978,68.05,33,20,3.0
407,Zaraza,VE,2022-02-11 17:41:12,9.3503,-65.3245,95.29,29,35,5.3
408,Sola,VU,2022-02-11 17:42:13,-13.8833,167.55,79.54,81,99,12.1
409,Tolaga Bay,NZ,2022-02-11 17:42:13,-38.3667,178.3,72.3,94,98,5.57
410,Jadu,LY,2022-02-11 17:42:14,31.953,12.0261,51.93,46,100,6.11
411,Guantanamo,CU,2022-02-11 17:42:14,20.1444,-75.2092,82.47,48,20,7.14
412,Moindou,NC,2022-02-11 17:42:14,-21.6924,165.677,76.95,88,100,6.8
413,Touros,BR,2022-02-11 17:42:15,-5.1989,-35.4608,88.7,60,55,13.09
414,Gander,CA,2022-02-11 17:42:15,48.9682,-54.5906,37.53,81,75,18.01
415,Lamesa,US,2022-02-11 17:42:16,32.7376,-101.951,64.08,22,0,13.76
416,Sharanga,RU,2022-02-11 17:42:16,57.1775,46.5396,25.25,96,99,7.2
417,Isla Mujeres,MX,2022-02-11 17:42:16,21.2311,-86.731,78.85,67,95,9.71
418,Sao Filipe,CV,2022-02-11 17:42:17,14.8961,-24.4956,80.82,49,73,16.78
419,Waitati,NZ,2022-02-11 17:42:17,-45.75,170.5667,55.24,97,100,1.92
420,Tara,RU,2022-02-11 17:42:17,56.8944,74.371,-8.86,97,6,5.97
421,Umm Lajj,SA,2022-02-11 17:42:18,25.0213,37.2685,67.03,49,0,18.61
422,Sobolevo,RU,2022-02-11 17:42:18,54.4299,31.8996,24.39,93,75,8.48
423,Rio Brilhante,BR,2022-02-11 17:42:19,-21.8019,-54.5464,93.69,30,0,5.88
424,Amurzet,RU,2022-02-11 17:42:19,47.6967,131.0981,11.44,96,100,4.03
425,Marawi,PH,2022-02-11 17:42:19,7.9986,124.2928,66.65,95,49,1.1
426,Colesberg,ZA,2022-02-11 17:42:20,-30.72,25.0972,81.3,16,0,5.7
427,Makakilo City,US,2022-02-11 17:42:20,21.3469,-158.0858,69.28,80,0,6.91
428,Georgiyevka,KZ,2022-02-11 17:42:20,43.0369,74.7114,33.84,80,100,8.95
429,Praya,CV,2022-02-11 17:42:21,14.9215,-23.5087,81.14,47,27,21.85
430,Burns Lake,CA,2022-02-11 17:42:21,54.2331,-125.7533,9.82,86,98,0.58
431,Araouane,ML,2022-02-11 17:42:22,18.9048,-3.5265,72.01,13,77,10.45
432,Kirksville,US,2022-02-11 17:37:44,40.1948,-92.5833,46.35,87,20,14.97
433,Salvador,SV,2022-02-11 17:42:22,13.8333,-88.9167,85.05,34,30,2.51
434,Mishkino,RU,2022-02-11 17:42:22,55.3389,63.9175,12.07,94,100,15.08
435,Longhua,CN,2022-02-11 17:42:23,23.6137,114.1919,61.27,94,44,2.48
436,Gornopravdinsk,RU,2022-02-11 17:42:23,60.05,69.9,2.95,88,6,10.85
437,Treinta Y Tres,UY,2022-02-11 17:42:23,-33.2333,-54.3833,91.13,32,24,4.88
438,Mayor Pablo Lagerenza,PY,2022-02-11 17:42:24,-19.9309,-60.7718,103.15,23,11,6.96
439,Harboore,DK,2022-02-11 17:42:24,56.6175,8.1807,34.21,63,8,15.64
440,Moyale,KE,2022-02-11 17:42:25,3.5167,39.0584,76.71,29,100,11.39
441,Palmerston North,NZ,2022-02-11 17:37:59,-40.35,175.6167,66.51,95,100,1.99
442,Midland,US,2022-02-11 17:42:25,31.9974,-102.0779,68.05,17,0,16.11
443,Kotelnikovo,RU,2022-02-11 17:42:25,47.6317,43.1461,39.33,96,100,16.35
444,Caravelas,BR,2022-02-11 17:42:26,-17.7125,-39.2481,86.2,55,13,9.69
445,Mossoro,BR,2022-02-11 17:42:26,-5.1875,-37.3442,94.95,46,40,18.41
446,Weihai,CN,2022-02-11 17:42:26,37.5017,122.1136,38.8,69,100,9.84
447,Semnan,IR,2022-02-11 17:42:27,35.5729,53.3971,51.64,43,100,2.3
448,Kapoeta,SS,2022-02-11 17:42:27,4.7717,33.5903,91.63,22,100,10.4
449,Bhadrachalam,IN,2022-02-11 17:42:28,17.6667,80.8833,70.36,61,8,5.1
450,Bandarbeyla,SO,2022-02-11 17:42:28,9.4942,50.8122,75.02,65,31,18.77
451,Alofi,NU,2022-02-11 17:42:29,-19.0595,-169.9187,75.09,94,15,5.75
452,Encrucijada,CU,2022-02-11 17:42:29,22.6169,-79.8711,81.16,69,75,10.36
453,Santa Cecilia,BR,2022-02-11 17:42:29,-26.9608,-50.4269,76.59,43,27,3.62
454,Homer,US,2022-02-11 17:37:47,59.6425,-151.5483,33.69,69,100,5.75
455,Kedougou,SN,2022-02-11 17:42:30,12.5579,-12.1743,99.18,9,0,6.91
456,Pochutla,MX,2022-02-11 17:43:30,15.7432,-96.4661,85.82,43,3,8.7
457,Sarkand,KZ,2022-02-11 17:43:31,45.41,79.9186,15.26,65,49,7.52
458,Husavik,IS,2022-02-11 17:43:31,66.0449,-17.3389,26.51,90,100,6.44
459,Ewa Beach,US,2022-02-11 17:43:31,21.3156,-158.0072,72.01,81,0,6.91
460,Cabatuan,PH,2022-02-11 17:43:32,10.8794,122.486,75.72,86,100,9.89
461,Vila Franca Do Campo,PT,2022-02-11 17:43:32,37.7167,-25.4333,61.21,66,90,1.63
462,Menongue,AO,2022-02-11 17:43:33,-14.6585,17.691,67.62,84,93,0.54
463,Nelson Bay,AU,2022-02-11 17:43:33,-32.7167,152.15,73.0,67,74,4.0
464,Tanabe,JP,2022-02-11 17:43:33,33.7333,135.3667,35.92,73,38,7.34
465,Paamiut,GL,2022-02-11 17:43:34,61.994,-49.6678,30.22,84,100,17.18
466,Katobu,ID,2022-02-11 17:43:34,-4.9408,122.5276,75.92,90,100,1.39
467,Fuyu,CN,2022-02-11 17:43:34,45.1833,124.8167,-6.5,100,46,4.54
468,Necochea,AR,2022-02-11 17:43:35,-38.5473,-58.7368,66.04,53,100,17.11
469,Hanmer Springs,NZ,2022-02-11 17:43:35,-42.5167,172.8167,59.13,95,100,0.4
470,Udachnyy,RU,2022-02-11 17:43:36,66.4167,112.4,-6.05,100,98,3.44
471,Burgersdorp,ZA,2022-02-11 17:43:36,-30.9977,26.3286,75.96,15,0,6.46
472,Eirunepe,BR,2022-02-11 17:43:36,-6.6603,-69.8736,81.01,88,99,1.52
473,Buchanan,LR,2022-02-11 17:43:37,5.8808,-10.0467,89.56,73,31,10.09
474,Aklavik,CA,2022-02-11 17:43:37,68.2191,-135.0107,-22.97,75,20,3.44
475,Manzhouli,CN,2022-02-11 17:43:37,49.6,117.4333,-12.75,99,57,5.55
476,Clyde River,CA,2022-02-11 17:43:38,70.4692,-68.5914,-16.37,76,100,31.07
477,Saint-Georges,GD,2022-02-11 17:43:38,12.0564,-61.7485,82.08,74,75,23.02
478,Carndonagh,IE,2022-02-11 17:43:39,55.25,-7.2667,46.02,87,100,19.71
479,Purpe,RU,2022-02-11 17:43:39,64.4803,76.6897,-8.64,85,10,11.77
480,Challans,FR,2022-02-11 17:43:39,46.8436,-1.8749,44.8,72,62,8.05
481,Lata,PT,2022-02-11 17:43:40,40.1629,-8.3327,62.71,72,62,4.27
482,Vestmanna,FO,2022-02-11 17:43:40,62.1564,-7.1664,36.52,87,75,5.75
483,Urumqi,CN,2022-02-11 17:43:41,43.801,87.6005,9.55,92,40,2.24
484,Kizukuri,JP,2022-02-11 17:43:41,40.8061,140.3861,25.11,64,49,3.18
485,Olafsvik,IS,2022-02-11 17:43:41,64.8945,-23.7142,31.14,76,100,15.52
486,Glens Falls,US,2022-02-11 17:43:38,43.3095,-73.644,48.06,69,95,8.59
487,Rorvik,NO,2022-02-11 17:43:42,64.8621,11.2373,33.91,86,75,23.02
488,Palmer,US,2022-02-11 17:41:45,42.1584,-72.3287,53.73,38,20,12.66
489,Zhezkazgan,KZ,2022-02-11 17:43:42,47.8043,67.7144,25.03,96,100,19.51
490,Rocha,UY,2022-02-11 17:43:43,-34.4833,-54.3333,87.84,40,25,6.26
491,Asfi,MA,2022-02-11 17:43:43,32.2994,-9.2372,63.25,70,40,16.49
492,Khandyga,RU,2022-02-11 17:43:43,62.6667,135.6,-42.86,100,72,0.87
493,Kuito,AO,2022-02-11 17:43:44,-12.3833,16.9333,64.0,67,87,4.94
494,Kihei,US,2022-02-11 17:39:43,20.785,-156.4656,69.84,81,0,4.61
495,Killybegs,IE,2022-02-11 17:43:44,54.6333,-8.45,44.46,86,100,30.18
496,Luwuk,ID,2022-02-11 17:43:45,-0.9516,122.7875,76.48,84,95,4.07
497,Torbay,CA,2022-02-11 17:43:45,47.6666,-52.7314,44.58,77,75,21.85
498,Naze,JP,2022-02-11 17:43:46,28.3667,129.4833,57.09,64,97,6.64
499,Saint Anthony,US,2022-02-11 17:43:46,45.0205,-93.218,25.0,72,100,20.71
500,Otane,NZ,2022-02-11 17:43:46,-39.8833,176.6333,65.39,99,100,1.21
501,Obregon,NI,2022-02-11 17:44:47,11.9566,-85.9636,89.69,40,7,14.74
502,Chazuta,PE,2022-02-11 17:44:47,-6.5742,-76.1367,88.65,51,97,3.2
503,Vildbjerg,DK,2022-02-11 17:44:48,56.2,8.7667,33.62,75,2,7.27
504,Paisley,GB,2022-02-11 17:44:48,55.8317,-4.4325,43.18,74,40,15.01
505,Tatarsk,RU,2022-02-11 17:44:48,55.219,75.9828,-15.43,100,14,5.66
506,Miracema Do Tocantins,BR,2022-02-11 17:44:49,-9.5618,-48.3967,86.4,61,55,3.58
507,Kisangani,CD,2022-02-11 17:44:49,0.5167,25.2,82.76,74,40,0.0
508,Twin Falls,US,2022-02-11 17:44:49,42.3505,-114.6445,39.54,65,0,18.41
509,Capuluan,PH,2022-02-11 17:44:50,13.8147,122.5181,75.07,90,53,6.76
510,Kupang,ID,2022-02-11 17:44:50,-10.1667,123.5833,77.0,89,100,2.04
511,Alyangula,AU,2022-02-11 17:44:51,-13.8483,136.4192,76.87,100,21,2.3
512,Cabedelo,BR,2022-02-11 17:44:51,-6.9811,-34.8339,88.47,63,59,11.21
513,Yefremov,RU,2022-02-11 17:44:51,53.1481,38.0992,26.98,87,76,9.82
514,Corowa,AU,2022-02-11 17:44:52,-36.0333,146.3833,62.92,57,1,5.23
515,General Roca,AR,2022-02-11 17:44:52,-39.0333,-67.5833,76.87,15,0,8.95
516,Gandai,IN,2022-02-11 17:44:52,21.6667,81.1,58.33,32,3,5.06
517,Musoma,TZ,2022-02-11 17:44:53,-1.5,33.8,72.93,68,92,6.4
518,Mtambile,TZ,2022-02-11 17:44:53,-5.3833,39.7,80.19,73,44,11.34
519,Puerto Escondido,MX,2022-02-11 17:44:53,15.85,-97.0667,83.71,55,3,7.11
520,Nisia Floresta,BR,2022-02-11 17:44:54,-6.0911,-35.2086,88.61,55,71,13.0
521,Muros,ES,2022-02-11 17:44:54,42.7762,-9.0603,57.7,81,94,1.39
522,Novoagansk,RU,2022-02-11 17:44:55,61.9449,76.6625,-11.92,98,9,6.08
523,Bonthe,SL,2022-02-11 17:44:55,7.5264,-12.505,82.81,71,34,13.8
524,Thinadhoo,MV,2022-02-11 17:44:55,0.5333,72.9333,81.79,72,100,6.76
525,Kautokeino,NO,2022-02-11 17:44:56,69.0125,23.0412,1.31,96,83,4.81
526,Nyuksenitsa,RU,2022-02-11 17:44:56,60.4128,44.2397,24.37,97,98,5.68
527,Saint-Pierre,RE,2022-02-11 17:44:56,-21.3393,55.4781,78.48,78,0,3.44
528,Baoning,CN,2022-02-11 17:44:57,25.3378,110.026,44.46,81,100,2.24
529,Imphal,IN,2022-02-11 17:44:57,24.8167,93.95,47.57,69,0,1.95
530,Tsotilion,GR,2022-02-11 17:44:58,40.2667,21.3167,40.82,70,0,4.14
531,Yumen,CN,2022-02-11 17:44:58,40.2833,97.2,23.18,47,98,5.35
532,Heidenreichstein,AT,2022-02-11 17:44:58,48.8667,15.1167,37.67,67,85,10.0
533,Washougal,US,2022-02-11 17:44:59,45.5826,-122.3534,51.66,81,0,20.0
534,Tunceli,TR,2022-02-11 17:44:59,39.1083,39.5471,34.66,77,5,5.5
535,Hovd,MN,2022-02-11 17:45:00,48.0056,91.6419,-13.68,88,90,4.61
536,Camalu,MX,2022-02-11 17:45:00,30.85,-116.0667,68.41,26,0,2.68
537,Thessalon,CA,2022-02-11 17:45:00,46.2501,-83.5666,32.49,90,100,11.86
538,Tacuarembo,UY,2022-02-11 17:45:01,-31.7333,-55.9833,102.18,14,45,6.93
539,Manta,EC,2022-02-11 17:45:01,-0.95,-80.7333,82.18,69,40,6.91
540,Shellbrook,CA,2022-02-11 17:45:02,53.2168,-106.4011,-10.17,89,93,2.01
541,Kailua,US,2022-02-11 17:45:02,21.4022,-157.7394,72.07,82,6,4.14
542,Ulagan,RU,2022-02-11 17:45:03,50.6321,87.9563,-17.07,93,42,2.62
543,Henties Bay,NA,2022-02-11 17:45:04,-22.116,14.2845,73.85,83,63,1.72
544,Ulaanbaatar,MN,2022-02-11 17:45:04,47.9077,106.8832,-23.67,62,0,4.47
545,Novomikhaylovskiy,RU,2022-02-11 17:45:04,44.2581,38.8578,43.57,76,27,18.25
546,Yaan,NG,2022-02-11 17:45:05,7.3833,8.5667,89.8,8,11,4.5
547,North Platte,US,2022-02-11 17:45:05,41.1239,-100.7654,44.49,59,20,23.02
548,Rafsanjan,IR,2022-02-11 17:45:05,30.4067,55.9939,57.25,21,0,10.69
549,High Rock,BS,2022-02-11 17:45:06,26.6208,-78.2833,75.22,73,65,11.43
550,Strezhevoy,RU,2022-02-11 17:46:06,60.7333,77.5889,-4.02,99,38,5.06
551,Lethem,GY,2022-02-11 17:46:06,3.3803,-59.7968,98.89,26,26,10.31
552,Seoul,KR,2022-02-11 17:45:07,37.5683,126.9778,33.4,75,75,4.61
553,Diphu,IN,2022-02-11 17:46:07,25.8333,93.4333,54.52,95,2,1.36
554,Tieli,CN,2022-02-11 17:46:07,46.95,128.05,7.38,96,100,8.12
555,Krasnoselkup,RU,2022-02-11 17:46:08,65.7,82.4667,-16.71,95,47,7.02
556,Sao Domingos Do Maranhao,BR,2022-02-11 17:46:08,-5.5758,-44.3853,83.03,77,90,2.28
557,Sao Felix Do Xingu,BR,2022-02-11 17:46:08,-6.6447,-51.995,76.86,87,100,2.19
558,Bonfim,BR,2022-02-11 17:46:09,3.0833,-59.95,98.04,27,22,7.23
559,Mumbwa,ZM,2022-02-11 17:46:09,-14.9783,27.0619,65.37,93,99,3.33
560,Oistins,BB,2022-02-11 17:46:10,13.0667,-59.5333,82.49,54,20,26.46
561,Mayo,US,2022-02-11 17:46:10,38.8876,-76.5119,64.74,46,0,13.8
